Username,Firstname,Lastname
matti.meikalainen,Matti,Meikäläinen
anna.asiakas,Anna,Asiakas
jari.jarvinen,Jari,Järvinen
laura.lampinen,Laura,Lampinen
tero.teiskonen,Tero,Teiskonen
sonja.saaristo,Sonja,Saaristo
kalle.karjalainen,Kalle,Karjalainen
maija.metsä,Maija,Metsä
ville.virtanen,Ville,Virtanen
tiina.talonen,Tiina,Talonen
samuli.salmi,Samuli,Salmi
lotta.lindroos,Lotta,Lindroos
oskar.ojala,Oskar,Ojala
eveliina.eloranta,Eveliina,Eloranta
antti.ahola,Antti,Ahola
sara.sundqvist,Sara,Sundqvist
juho.jokinen,Juho,Jokinen
ella.eriksson,Ella,Eriksson
jonne.jaakkola,Jonne,Jaakkola
linda.lindgren,Linda,Lindgren
olavi.ojansivu,Olavi,Ojansivu
elin.ekholm,Elin,Ekholm
marko.mikkonen,Marko,Mikkonen
anita.almi,Anita,Almi
jaakko.jalava,Jaakko,Jalava
elin.eerola,Elin,Eerola
toni.turunen,Toni,Turunen
vivi.vainio,Vivi,Vainio
teemu.tikkanen,Teemu,Tikkanen
sara.salin,Sara,Salin
timo.talja,Timo,Talja
eveliina.erola,Eveliina,Erola
ilkka.ilkka,Ilkka,Ilkka
hanna.haapanen,Hanna,Haapanen
jonas.juntunen,Jonas,Juntunen
sofia.suomalainen,Sofia,Suomalainen
mikko.mansikka,Mikko,Mansikka
saara.salmi,Saara,Salmi
sakari.salmela,Sakari,Salmela
miro.murto,Miro,Murto
henna.haapala,Henna,Haapala
joona.joki,Joona,Joki
mari.metsä,Mari,Metsä
otto.ollila,Otto,Ollila
eevi.ekström,Eevi,Ekström
eetu.erola,Eetu,Erola
anna.anttila,Anna,Anttila
joonas.jylhä,Joonas,Jylhä
sini.salmi,Sini,Salmi
